CP,帖子数,关注,今日互动,签到
选礼,2744,3493,487,277
成礼sungri,96,415,110,60
hansan,697,2913,128,151
Woonhoo,241,1422,326,139
hanwoo贤赫,3855,5765,1010,534
淏涵,971,1094,51,52
赫淏,195,741,22,44
taehak,5081,9438,3955,1150
小熊礼物,349,1909,80,71
煮雨woonhan,202,646,254,120
淏选,1728,2474,316,139
涵淏,456,806,12,56
山淏,2287,3248,758,351
台历cp,10000,21000,6086,1911
sanwoo,1463,1893,341,161
成鹤,479,866,40,54
铉淏,3017,3507,33,254
选泰,951,2388,132,127
寒暄JL,7974,18000,2662,1697
窝山,113,181,120,0
眩晕狗熊,4375,14000,557,811
雪人z,1435,3084,547,300
泰选,8760,17000,2708,1476
淏山sungsan,332,419,0,22
